label,price
1001,250
Atlas0.5l,30
BarakaTorsade,130
,
,
,
ChatPowerGel,640
Chlorox,180
CotexRoseB,110
Darni crack3rs,80
DimaMargarin500g,200
GelDVenusCoco,125
Kool choco max,50
LOrageAgrumes,150
LOrageMarine,150
Mamzoudjfraise,40
MedinaSmen500g,380
Mini bilux blanc,50
NourAlArche100g,300
Ramdy16,270
RamyOFP1L,120
RecamarOil,320
Recamarthontomate,320
Regalonoisette,185
Rouiba cootal 33cl,60
SpaghettiMahbouba,120
The vitl,280
ThéVertChaina,250
Wellmax,280
Wellmax15w,350
agile,180
agileNetCuisine,220
agridiv,380
aigleBlanch,280
aigleM,320
aigleRose,300
airpureBarry,320
airpurecitron,320
amirBlanc,280
amirBlue,280
amirRose,280
amirb,250
amorFraise,180
amorconfiturepeche,150
amourMagaron,380
amourMagaronESC,350
amourMagarongrand,520
amourMagronPetit,280
amourconfiturefigue,280
amourconfitureorange,280
amourconfiturepomme,280
aroma250g,320
awane,180
ayris0.5l,30
baharBlue,280
baharCitron,280
baharRose,280
baharmauve,280
bahdjaOrange,120
bahdjaPom,120
bahdjacitron,120
barakaCoude,120
barkokmnaka3,100
bestCitron,100
bestFramboise,100
bestOrange,100
bimbies16,250
bimbies2,40
bimbies3,60
bimbies4,80
bimbies5,100
bingo300g,350
bingo750g,750
biomilBlue3,950
biomilRose1,920
biomilvert2,930
biscwik,120
bref2l,380
brefMoussant,280
brefPurePower,95
brutchocolatnoire,140
brutminis,140
brutminisnoixdecoco,150
brutministoutchocolate,120
brutmulticereales,120
bruttoutchocolat,120
candyChoco1l,120
cannellani,150
chahrazadChamyaBlue,260
cheezy450g,340
cheezyfromage24p,225
coeurcerealesSkiffi,380
coexdeluxe,280
coffeearomagold,310
coffeebolila125,220
coffeebolila250,220
condialait1L,130
confitureAbricots,280
confitureCerises,300
cotex3,120
cotex4,120
cotex4orange,120
couscousMamaGros,175
couscousMamaMoyen,185
couscousNakhala,140
cristalCerise,100
cristalCitron,100
cristalFraise,100
cristalpeche,100
crok,80
crémeliquidelemaitre20cl,240
delicesPomme,150
delicisFraise,150
dellicianochcopillowsbiscuitsfourrée,180
dilicianochocopillow,160
djadatiBrickRoge,200
doubleMix200g,320
dulcesolcacao,250
dulcesolcaramel,250
dulcesolnoisette,250
elasauceabricot,185
elasaucefraise,200
elharatomateconcentré,180
elio1l,125
elio2l,250
elio5l,630
ellasaucealgerienne,145
enselsalt1kg,80
extra6coude,130
extraTorsade,130
famico,380
fitStrong,320
fitStrongNoir,350
fitstrongNoirGrand,480
flanFraise,120
flanLightChoco,120
flanNoura,40
flanVanille,120
flancitron,120
fleurialmoutarde,280
fluxCreme,320
forceExpresM,280
forceExpresR,280
forceExpresRose,280
forceExpressLadou,350
forceExpressLaveSol,350
garridoLumaconi,180
geospacefruitsballs,100
handLux,180
handLux MielVanille,200
handLuxCitron,180
happychocokids,120
homosPetiteFerme,180
homosStar,200
idealChoco300g,150
idealChoco400g,220
idealflanchoco,180
ifri1.5l,50
ifriCitron330ml,50
isis,170
isis1.5kg,380
isisParfume,180
isisParfumeRose,180
jufre,150
karimaflanchocolate,100
kool4winners,70
kool9winners,130
koolcookies,170
koolmicro,100
lBen,80
laBelle500g,140
lama200m,120
lavachequiris16p,480
lesieur235g,350
lifeGelMachineRose,300
lifeMachineColore,320
lifeMachineLavande,320
lifeMauve,280
lifeRose,280
lifeVert,280
limaB,200
limaBlanch,200
liquidenonsecre,180
lisieur425g,550
lovelylait500g,320
lunchonPoulet,380
lunchonPouletVert,400
maazhar,180
majigopoulet30p,180
margarine250g,130
margarineflorial500g,250
maxon chocolat tartiner,380
maxonGaletteBiscuitAuLait,180
maxonGaletteBléComplet,200
maxonGaufretteCocoACreamDark,220
maxonGaufretteCocoaCream,220
maxonGaufretteMiniCocoaCream,160
maxonGaufretteMiniFraise,160
maxonGaufretteOreo,200
maxonGaufretteVanilleCream,200
maxonXLCacaoCream,240
maxonXLFouréeFraise,240
maxonXLvanille,240
maxongalettefouréelait,180
mayonaiseflourial220g,350
mayonnaiselisieur500g,550
molfix1,580
montD_Or,280
moon200g,280
moon350g,420
moonBlanch,280
mordjane350g,280
nature,280
nettoyantTableau,180
nouaraflanvanille50g,80
nourAlArche1kg,1400
nourAlArche200g,320
odarisblue,280
odrisM,280
oleafromage,250
omo580g,480
optilla300g,320
oscar250g,380
oursBlanc4.5l,580
penne,140
plombBrkoks,80
poisChiche250g,180
prilIsis,220
proVBlue,280
proVMouv,280
purédetommate,180
qaadaLaitChocolat,180
rabhaflancaramel,100
ramy33cl,50
rayaChamaijaune,250
rayaChamiavert,250
rayaChamyaJaune,250
regaloWaferCacaoCream,180
regalowaferfruits,180
regalowaferminicacaocream,120
regalowaferminifruits,120
regalowaferpomme,180
ricamarblur,450
ricamarlhuile,450
ricamarnaturel,420
ricamartomato,380
riceCakeNoir,220
riceCakeRose,220
ricelabelle500g,120
ricofrommage32p,680
rizLongStar,250
rizStar500g,130
rizaridj,180
rizlabelle1kg,220
rizstar1kg,240
saffalidealflanfraise,120
seatunablanch,350
selCuisinIode,80
selTableIode,90
shampo-venus-red,350
shampo-venus-yellow,350
sidoJaune,220
sidoRose,220
skorCeyital1kg,250
skorCzyital,180
skorMorceaux750g,220
smenelwalima700,750
sol500g,250
spaggetimama,120
spaghettiBraka,130
starHomos,200
steelRose,250
succedaneSucre,180
swalisColorProtect,350
swalisExtraNourissant,350
tagliatellesMahbouba,140
tango,120
tartina,320
tartinellaBlanc,280
tartinellabueno,350
tartinellachoco,350
tartino24,550
tartino3frommages16,450
tartinoCuisto,400
tastMachine,280
tchichaMaghnai,150
test825g,200
testliquide,150
testpoudre,150
theVert,260
thonOIL,320
tlitliMahboba,130
topsil,350
topsilAdoucissant,380
vacheQuirit24p,520
vacheQuiritBlanchChef,280
vacheQuiritChef,480
venusGelDoucheFruite,180
venusGelDoucheMenthe,180
venusShamp2en1,110
venusShompooConditioner,120
venusshampoantipilleculaire,400
vitachoco,150
w5blue,250
w5vert,250
wafaRose,250
waferCacao,80
waferCitron,80
wamagroparrot,350
wellmax23w,420
yagoFraise,80
yagoNoixCoco,80
yagopeche1L,120
zafranwilliam,40